insert into teachers(id, teachername) values (1,	'Albert Einstein')
insert into teachers(id, teachername) values (2,	'Isaac Newton')
insert into teachers(id, teachername) values (3,	'Madame Curie')
insert into teachers(id, teachername) values (4,	'John Von Neumann')
insert into teachers(id, teachername) values (5,	'Nikola Tesla')
insert into teachers(id, teachername) values (6,	'Alan Turing')
insert into teachers(id, teachername) values (7,	'Ada Lovelace')
insert into teachers(id, teachername) values (8,	'Grace Hopper')

insert into students(id, studentname) values (1,	'Fred')
insert into students(id, studentname) values (2,	'Wilma')
insert into students(id, studentname) values (3,	'Barney')
insert into students(id, studentname) values (4,	'Betty')
insert into students(id, studentname) values (5,	'Pebbles')
insert into students(id, studentname) values (6,	'Bambam')
insert into students(id, studentname) values (7,	'Dino')

insert into classes(id, classname) values (1,	'Introduction to Relativity')
insert into classes(id, classname) values (2,	'Motion and why it matters')
insert into classes(id, classname) values (3,	'Radiation Therapy and its side effects')
insert into classes(id, classname) values (4,	'Computer Science 101')
insert into classes(id, classname) values (5,	'Electricity Basics')
insert into classes(id, classname) values (6,	'Algorithms 101 and Encryption')
insert into classes(id, classname) values (7,	'Mechanical Computers by Babbage')
insert into classes(id, classname) values (8,	'Introduction to Cobol')

insert into classschedules(id, classid, teacherid, fromdate, todate) values(1, 1, 1, '1/1/2016', '2/1/2016')
insert into classschedules(id, classid, teacherid, fromdate, todate) values(2, 2, 2, '1/1/2016', '2/1/2016')
insert into classschedules(id, classid, teacherid, fromdate, todate) values(3, 3, 3, '1/1/2016', '2/1/2016')
insert into classschedules(id, classid, teacherid, fromdate, todate) values(4, 4, 4, '1/1/2016', '2/1/2016')
insert into classschedules(id, classid, teacherid, fromdate, todate) values(5, 5, 5, '1/1/2016', '2/1/2016')
insert into classschedules(id, classid, teacherid, fromdate, todate) values(6, 6, 6, '1/1/2016', '2/1/2016')
insert into classschedules(id, classid, teacherid, fromdate, todate) values(7, 7, 7, '1/1/2016', '2/1/2016')
insert into classschedules(id, classid, teacherid, fromdate, todate) values(8, 8, 8, '1/1/2016', '2/1/2016')

insert into studentenrollments(id, studentid, classscheduleid, enrolldate, grade) values (1, 1, 1, '12/20/2015', '')
insert into studentenrollments(id, studentid, classscheduleid, enrolldate, grade) values (2, 1, 2, '12/20/2015', '')
insert into studentenrollments(id, studentid, classscheduleid, enrolldate, grade) values (3, 1, 3, '12/20/2015', '')
insert into studentenrollments(id, studentid, classscheduleid, enrolldate, grade) values (4, 1, 4, '12/20/2015', '')
insert into studentenrollments(id, studentid, classscheduleid, enrolldate, grade) values (5, 1, 5, '12/20/2015', '')
insert into studentenrollments(id, studentid, classscheduleid, enrolldate, grade) values (6, 1, 6, '12/20/2015', '')
insert into studentenrollments(id, studentid, classscheduleid, enrolldate, grade) values (7, 1, 7, '12/20/2015', '')
insert into studentenrollments(id, studentid, classscheduleid, enrolldate, grade) values (8, 1, 8, '12/20/2015', '')

insert into studentenrollments(id, studentid, classscheduleid, enrolldate, grade) values (1, 1, 1, '12/20/2015', '')
insert into studentenrollments(id, studentid, classscheduleid, enrolldate, grade) values (2, 1, 2, '12/20/2015', '')
insert into studentenrollments(id, studentid, classscheduleid, enrolldate, grade) values (3, 1, 3, '12/20/2015', '')
insert into studentenrollments(id, studentid, classscheduleid, enrolldate, grade) values (4, 1, 4, '12/20/2015', '')
insert into studentenrollments(id, studentid, classscheduleid, enrolldate, grade) values (5, 1, 5, '12/20/2015', '')
insert into studentenrollments(id, studentid, classscheduleid, enrolldate, grade) values (6, 1, 6, '12/20/2015', '')
insert into studentenrollments(id, studentid, classscheduleid, enrolldate, grade) values (7, 1, 7, '12/20/2015', '')
insert into studentenrollments(id, studentid, classscheduleid, enrolldate, grade) values (8, 1, 8, '12/20/2015', '')

insert into studentenrollments(id, studentid, classscheduleid, enrolldate, grade) values (9, 2, 1, '12/20/2015', '')
insert into studentenrollments(id, studentid, classscheduleid, enrolldate, grade) values (10, 2, 2, '12/20/2015', '')
insert into studentenrollments(id, studentid, classscheduleid, enrolldate, grade) values (11, 2, 3, '12/20/2015', '')
insert into studentenrollments(id, studentid, classscheduleid, enrolldate, grade) values (12, 2, 4, '12/20/2015', '')
insert into studentenrollments(id, studentid, classscheduleid, enrolldate, grade) values (13, 2, 5, '12/20/2015', '')
insert into studentenrollments(id, studentid, classscheduleid, enrolldate, grade) values (14, 2, 6, '12/20/2015', '')
insert into studentenrollments(id, studentid, classscheduleid, enrolldate, grade) values (15, 2, 7, '12/20/2015', '')
insert into studentenrollments(id, studentid, classscheduleid, enrolldate, grade) values (16, 2, 8, '12/20/2015', '')

insert into studentenrollments(id, studentid, classscheduleid, enrolldate, grade) values (17, 3, 1, '12/20/2015', '')
insert into studentenrollments(id, studentid, classscheduleid, enrolldate, grade) values (18, 3, 2, '12/20/2015', '')
insert into studentenrollments(id, studentid, classscheduleid, enrolldate, grade) values (19, 3, 3, '12/20/2015', '')
insert into studentenrollments(id, studentid, classscheduleid, enrolldate, grade) values (20, 3, 4, '12/20/2015', '')
insert into studentenrollments(id, studentid, classscheduleid, enrolldate, grade) values (21, 3, 5, '12/20/2015', '')
insert into studentenrollments(id, studentid, classscheduleid, enrolldate, grade) values (22, 3, 6, '12/20/2015', '')
insert into studentenrollments(id, studentid, classscheduleid, enrolldate, grade) values (23, 3, 7, '12/20/2015', '')
insert into studentenrollments(id, studentid, classscheduleid, enrolldate, grade) values (24, 3, 8, '12/20/2015', '')



